{
  "project_info": {
    "project_number": "475238939151",
    "project_id": "incomeexpense-c23af",
    "storage_bucket": "incomeexpense-c23af.appspot.com"
  },
  "client": [
    {
      "client_info": {
        "mobilesdk_app_id": "1:475238939151:android:d6829097179f20e880c17a",
        "android_client_info": {
          "package_name": "com.example.incomeexpense"
        }
      },
      "oauth_client": [],
      "api_key": [
        {
          "current_key": "AIzaSyD1tIlhOV5AamVItzi9vRcC6qJxAV6F8Dc"
        }
      ],
      "services": {
        "appinvite_service": {
          "other_platform_oauth_client": []
        }
      }
    }
  ],
  "configuration_version": "1"
}